username,email,first_name,last_name,role,
elliotthester,hesterelliott@userfilter.test,Hester,Elliott,subscriber,
howardleona,leonahoward@userfilter.test,Leona,Howard,subscriber,
grahamsally,sallygraham@userfilter.test,Sally,Graham,subscriber,
phelpsmabell,mabellephelps@userfilter.test,Mabelle,Phelps,subscriber,
masonmark,markmason@userfilter.test,Mark,Mason,subscriber,
watsonjasmine,jasminewatson@userfilter.test,Jasmine,Watson,subscriber,
haynesjesus,jesushaynes@userfilter.test,Jesus,Haynes,subscriber,
diazheather,heatherdiaz@userfilter.test,Heather,Diaz,subscriber,
collinsbetsy,betsycollins@userfilter.test,Betsy,Collins,subscriber,
rodriguezlinda,lindarodriguez@userfilter.test,Linda,Rodriguez,subscriber,
masseysandra,sandramassey@userfilter.test,Sandra,Massey,subscriber,
stevensirene,irenestevens@userfilter.test,Irene,Stevens,subscriber,
nashangel,angelnash@userfilter.test,Angel,Nash,subscriber,
wheelervicki,vickiwheeler@userfilter.test,Vicki,Wheeler,subscriber,
warnerelsie,elsiewarner@userfilter.test,Elsie,Warner,subscriber,
masongretchen,gretchenmason@userfilter.test,Gretchen,Mason,subscriber,
perkinsarthur,arthurperkins@userfilter.test,Arthur,Perkins,subscriber,
gibsongeorgia,georgiagibson@userfilter.test,Georgia,Gibson,subscriber,
weavergrace,graceweaver@userfilter.test,Grace,Weaver,subscriber,
wisejuana,juanawise@userfilter.test,Juana,Wise,subscriber,
newtonhector,hectornewton@userfilter.test,Hector,Newton,subscriber,
owenlaurie,laurieowen@userfilter.test,Laurie,Owen,subscriber,
fordmyrtle,myrtleford@userfilter.test,Myrtle,Ford,subscriber,
townsendfredrick,fredricktownsend@userfilter.test,Fredrick,Townsend,subscriber,
hendersonjim,jimhenderson@userfilter.test,Jim,Henderson,subscriber,
simsmaggie,maggiesims@userfilter.test,Maggie,Sims,contributor,
wardcora,coraward@userfilter.test,Cora,Ward,contributor,
maldonadojanie,janiemaldonado@userfilter.test,Janie,Maldonado,contributor,
paynelaura,laurapayne@userfilter.test,Laura,Payne,contributor,
bellcaleb,calebbell@userfilter.test,Caleb,Bell,contributor,
chapmangilbert,gilbertchapman@userfilter.test,Gilbert,Chapman,contributor,
cortezcurtis,curtiscortez@userfilter.test,Curtis,Cortez,contributor,
pagewallace,wallacepage@userfilter.test,Wallace,Page,contributor,
padilladennis,dennispadilla@userfilter.test,Dennis,Padilla,contributor,
underwoodcarrie,carrieunderwood@userfilter.test,Carrie,Underwood,contributor,
johnstonkristy,kristyjohnston@userfilter.test,Kristy,Johnston,contributor,
maldonadotraci,tracimaldonado@userfilter.test,Traci,Maldonado,contributor,
herrerajacqueline,jacquelineherrera@userfilter.test,Jacqueline,Herrera,contributor,
mcdonaldjune,junemcdonald@userfilter.test,June,Mcdonald,contributor,
riverasandy,sandyrivera@userfilter.test,Sandy,Rivera,contributor,
sullivancody,codysullivan@userfilter.test,Cody,Sullivan,author,
freemanlettie,lettiefreeman@userfilter.test,Lettie,Freeman,author,
rodriquezowen,owenrodriquez@userfilter.test,Owen,Rodriquez,author,
butlerbill,billbutler@userfilter.test,Bill,Butler,author,
summersaddie,addiesummers@userfilter.test,Addie,Summers,author,
wongian,ianwong@userfilter.test,Ian,Wong,author,
hansonderek,derekhanson@userfilter.test,Derek,Hanson,author,
ortizmelanie,melanieortiz@userfilter.test,Melanie,Ortiz,author,
fletcherdebra,debrafletcher@userfilter.test,Debra,Fletcher,author,
williamsamos,amoswilliams@userfilter.test,Amos,Williams,author,
lunaruben,rubenluna@userfilter.test,Ruben,Luna,author,
cummingsjennie,jenniecummings@userfilter.test,Jennie,Cummings,author,
johnsonlance,lancejohnson@userfilter.test,Lance,Johnson,author,
jonesroy,royjones@userfilter.test,Roy,Jones,author,
clarkeangelica,angelicaclarke@userfilter.test,Angelica,Clarke,author,
ortegadoreen,doreenortega@userfilter.test,Doreen,Ortega,author,
cookiris,iriscook@userfilter.test,Iris,Cook,editor,
franklinlewis,lewisfranklin@userfilter.test,Lewis,Franklin,editor,
barrettmicheal,michealbarrett@userfilter.test,Micheal,Barrett,editor,
alexanderleah,leahalexander@userfilter.test,Leah,Alexander,editor,
chavezjeannette,jeannettechavez@userfilter.test,Jeannette,Chavez,editor,
fitzgeralddrew,drewfitzgerald@userfilter.test,Drew,Fitzgerald,editor,
bakeredwin,edwinbaker@userfilter.test,Edwin,Baker,editor,
duncanlydia,lydiaduncan@userfilter.test,Lydia,Duncan,editor,
maxwellnatasha,natashamaxwell@userfilter.test,Natasha,Maxwell,editor,
normanarnold,arnoldnorman@userfilter.test,Arnold,Norman,editor,
figueroaruth,figueroaruth@userfilter.test,Ruth,Figueroa,editor,
popeoscar,popeoscar@userfilter.test,Oscar,Pope,editor,
houstonlettie,houstonlettie@userfilter.test,Lettie,Houston,editor,
howellhannah,howellhannah@userfilter.test,Hannah,Howell,editor,
